patient_id,patient_name,expected_count,detected_count,true_positives,false_positives,false_negatives,domain_recall,potential_savings,missed_savings,expected_types,detected_types,fn_details,detected_raw
P004,Jennifer Garcia,2,1,1,0,1,1.0,425.0,250.0,gender_mismatch;upcoding,procedure_inconsistent_with_health_history,"[{""type"": ""gender_mismatch"", ""description"": ""Female patient billed for prostate exam (CPT 55700) - anatomically impossible"", ""cpt_code"": ""55700""}, {""type"": ""upcoding"", ""description"": ""Routine office visit billed as comprehensive visit (CPT 99215 instead of 99213)"", ""cpt_code"": ""99215""}]","[{""type"": ""procedure_inconsistent_with_health_history"", ""summary"": ""Prostate Biopsy (55700) billed for a female patient."", ""evidence"": ""Patient is female (Sex: F). Prostate biopsy is a procedure performed on males. No indication of gender affirmation surgery or other relevant medical history."", ""code"": null, ""max_savings"": 425.0}]"
P001,John Doe,1,1,1,0,0,1.0,285.0,0.0,gender_mismatch,procedure_inconsistent_with_health_history,[],"[{""type"": ""procedure_inconsistent_with_health_history"", ""summary"": ""Obstetric Ultrasound billed without pregnancy diagnosis."", ""evidence"": ""Document 1 bills CPT 76805 (Obstetric Ultrasound). Patient medical history lists Type 2 Diabetes and Hypertension, but no pregnancy or related conditions."", ""code"": null, ""max_savings"": 285.0}]"
P005,Michael O'Connor,4,1,1,0,3,0.3333333333333333,8500,750.0,gender_mismatch;gender_mismatch;gender_mismatch;duplicate_charge,procedure_inconsistent_with_health_history,"[{""type"": ""gender_mismatch"", ""description"": ""Male patient billed for hysterectomy (CPT 58150) - anatomically impossible"", ""cpt_code"": ""58150""}, {""type"": ""gender_mismatch"", ""description"": ""Male patient billed for cervical cancer screening (Pap smear, CPT 88175) - anatomically impossible"", ""cpt_code"": ""88175""}, {""type"": ""gender_mismatch"", ""description"": ""Male patient billed for mammogram (CPT 77065) - inappropriate for demographic"", ""cpt_code"": ""77065""}, {""type"": ""duplicate_charge"", ""description"": ""Same prescription charged twice on different dates but filled only once"", ""cpt_code"": ""N/A""}]","[{""type"": ""procedure_inconsistent_with_health_history"", ""summary"": ""Hysterectomy billed for a male patient."", ""evidence"": ""Patient is male (Sex: M). CPT 58150 (Hysterectomy Total Abdom) was billed. Hysterectomies are performed on females."", ""code"": null, ""max_savings"": 8500}]"
P008,Lisa Rodriguez,2,1,1,0,1,0.5,0,250.0,age_inappropriate_screening;age_inappropriate_procedure,procedure_inconsistent_with_health_history,"[{""type"": ""age_inappropriate_screening"", ""description"": ""3-year-old toddler billed for stress cardiac test (CPT 93015) - not age-appropriate"", ""cpt_code"": ""93015""}, {""type"": ""age_inappropriate_procedure"", ""description"": ""3-year-old billed for adult colonoscopy (CPT 45378) - pediatric procedure would use different code"", ""cpt_code"": ""45378""}]","[{""type"": ""procedure_inconsistent_with_health_history"", ""summary"": ""Stress Test - Cardio (93015) billed without documented cardiac history."", ""evidence"": ""Patient history only lists recurrent ear infections. No mention of cardiac disease, hypertension, or related conditions."", ""code"": null, ""max_savings"": null}]"
P010,Amanda Lee,2,1,1,0,1,1.0,0,250.0,gender_mismatch;duplicate_charge,procedure_inconsistent_with_health_history,"[{""type"": ""gender_mismatch"", ""description"": ""Female patient billed for vasectomy (CPT 55250) - anatomically impossible"", ""cpt_code"": ""55250""}, {""type"": ""duplicate_charge"", ""description"": ""Lab test billed twice on same date for same panel"", ""cpt_code"": ""80053""}]","[{""type"": ""procedure_inconsistent_with_health_history"", ""summary"": ""Vasectomy (55250) billed without documented indication."", ""evidence"": ""Patient has a history of PCOS and a prior ovarian cystectomy. No indication for vasectomy is present in the medical history."", ""code"": null, ""max_savings"": null}]"
P003,Robert Chen,3,1,1,0,2,0.3333333333333333,1850.0,500.0,age_inappropriate_screening;age_inappropriate_screening;medical_necessity,procedure_inconsistent_with_health_history,"[{""type"": ""age_inappropriate_screening"", ""description"": ""8-year-old child billed for colonoscopy (CPT 45378) - not age-appropriate screening"", ""cpt_code"": ""45378""}, {""type"": ""age_inappropriate_screening"", ""description"": ""8-year-old billed for prostate cancer screening (PSA test, CPT 84153) - not clinically indicated"", ""cpt_code"": ""84153""}, {""type"": ""medical_necessity"", ""description"": ""Pediatric patient charged for geriatric assessment (CPT 99483) - age mismatch"", ""cpt_code"": ""99483""}]","[{""type"": ""procedure_inconsistent_with_health_history"", ""summary"": ""Colonoscopy billed without documented gastrointestinal issues or age-appropriate screening indication."", ""evidence"": ""Document 1 bills CPT 45378 (Colonoscopy Procedure). Patient is 8 years old and has Asthma and Peanut Allergy documented in medical history. No indication of gastrointestinal issues or family history warranting a colonoscopy at this age."", ""code"": null, ""max_savings"": 1850.0}]"
P007,David Thompson,3,2,1,1,2,0.0,0,500.0,gender_mismatch;gender_mismatch;medical_necessity,procedure_inconsistent_with_health_history;procedure_inconsistent_with_health_history,"[{""type"": ""gender_mismatch"", ""description"": ""Male patient billed for cervical biopsy (CPT 57500) - anatomically impossible"", ""cpt_code"": ""57421""}, {""type"": ""gender_mismatch"", ""description"": ""Male patient billed for pelvic ultrasound (transvaginal, CPT 76830) - anatomically impossible"", ""cpt_code"": ""76830""}, {""type"": ""medical_necessity"", ""description"": ""Smoking cessation counseling billed but patient record shows non-smoker"", ""cpt_code"": ""99406""}]","[{""type"": ""procedure_inconsistent_with_health_history"", ""summary"": ""Cervical Biopsy (57500) billed without documented cervical abnormality or indication."", ""evidence"": ""Patient medical history lists Benign Prostatic Hyperplasia (BPH) and allergies. No mention of cervical issues, abnormal Pap smear, or other indication for cervical biopsy."", ""code"": null, ""max_savings"": null}, {""type"": ""procedure_inconsistent_with_health_history"", ""summary"": ""Office Visit (99213) may be inconsistent with health history."", ""evidence"": ""While a routine office visit is generally appropriate, the specific reason for the visit is not documented. Given the patient's BPH, the visit should be clearly linked to urological care. Lack of specific documentation raises a potential medical necessity concern."", ""code"": null, ""max_savings"": null}]"
P002,Mary Smith,2,2,1,1,1,1.0,450.0,250.0,age_inappropriate_procedure;duplicate_charge,procedure_inconsistent_with_health_history;procedure_inconsistent_with_health_history,"[{""type"": ""age_inappropriate_procedure"", ""description"": ""72-year-old post-menopausal female billed for IUD insertion (CPT 58300) - clinically inappropriate"", ""cpt_code"": ""58300""}, {""type"": ""duplicate_charge"", ""description"": ""Duplicate charge for the same office visit appearing in both medical bill and EOB"", ""cpt_code"": ""99213""}]","[{""type"": ""procedure_inconsistent_with_health_history"", ""summary"": ""Intrauterine Device (IUD) insertion in a 72-year-old female with no documented indication."", ""evidence"": ""Document 1 bills CPT 58300 (IUD insertion). Patient is 72 years old. No indication for IUD (e.g., menorrhagia, contraception) is documented in the medical history."", ""code"": null, ""max_savings"": 450.0}, {""type"": ""procedure_inconsistent_with_health_history"", ""summary"": ""Office visit (99214) with no clear documented reason."", ""evidence"": ""Document 1 bills CPT 99214 (office visit). Patient has osteoarthritis and coronary artery disease, but the reason for this specific visit is not documented. While these conditions may warrant visits, the lack of specificity raises a flag."", ""code"": null, ""max_savings"": 200.0}]"
P006,Sarah Patel,2,2,2,0,0,1.0,320,0.0,age_inappropriate_screening;age_inappropriate_screening,procedure_inconsistent_with_health_history;procedure_inconsistent_with_health_history,[],"[{""type"": ""procedure_inconsistent_with_health_history"", ""summary"": ""Screening Mammography (77067) billed without documented risk factors or family history."", ""evidence"": ""Document 1 bills CPT 77067. Patient history lists only scoliosis, with no mention of breast cancer risk factors, family history, or prior breast issues."", ""code"": null, ""max_savings"": 320}, {""type"": ""procedure_inconsistent_with_health_history"", ""summary"": ""Preventive Visit (99394) may be inappropriate given scoliosis diagnosis."", ""evidence"": ""Document 1 bills CPT 99394. While preventive visits are common, the patient's scoliosis suggests a need for more focused orthopedic follow-up, potentially making a full preventive visit less medically necessary. Further clarification is needed."", ""code"": null, ""max_savings"": null}]"
P009,James Williams,2,2,2,0,0,1.0,150,0.0,gender_mismatch;age_inappropriate_screening,procedure_inconsistent_with_health_history;procedure_inconsistent_with_health_history,[],"[{""type"": ""procedure_inconsistent_with_health_history"", ""summary"": ""Pregnancy test billed for an 82-year-old male patient."", ""evidence"": ""Document 1 and Document 2 both bill CPT 81025 (Pregnancy Test). Patient is male (Sex: M) and 82 years old. Pregnancy tests are not medically appropriate for male patients."", ""code"": null, ""max_savings"": 25}, {""type"": ""procedure_inconsistent_with_health_history"", ""summary"": ""Sports Physical billed for an 82-year-old patient with multiple chronic conditions."", ""evidence"": ""Document 1 and Document 2 both bill CPT 99455 (Sports Physical). Patient is 82 years old and has Atrial Fibrillation, Chronic Kidney Disease Stage 3, and Osteoporosis. A sports physical is not a standard or necessary service for a patient with these conditions."", ""code"": null, ""max_savings"": 125}]"
P014,Margaret O'Brien,2,0,0,0,2,0.0,0,500.0,age_inappropriate;diagnosis_procedure_mismatch,,"[{""type"": ""age_inappropriate"", ""description"": ""78-year-old elderly patient billed for pediatric vaccines (DTaP is for children, not adults)"", ""cpt_code"": ""90700""}, {""type"": ""diagnosis_procedure_mismatch"", ""description"": ""Dialysis billed without any documented kidney disease diagnosis"", ""cpt_code"": ""90935""}]",[]
P011,Thomas Rivera,2,1,1,0,1,0.5,0,250.0,gender_mismatch;surgical_history_contradiction,procedure_inconsistent_with_health_history,"[{""type"": ""gender_mismatch"", ""description"": ""Male patient billed for labor and delivery charges - anatomically impossible"", ""cpt_code"": ""59400""}, {""type"": ""surgical_history_contradiction"", ""description"": ""Appendectomy billed after documented prior appendectomy in 2015"", ""cpt_code"": ""44970""}]","[{""type"": ""procedure_inconsistent_with_health_history"", ""summary"": ""Acute gastritis treatment without documented history of gastritis or related GI issues."", ""evidence"": ""Document 1 states assessment of acute gastritis. Patient history lists Type 2 Diabetes, Obesity, and prior appendectomy, but no prior GI conditions."", ""code"": null, ""max_savings"": null}]"
P015,Kevin Zhang,2,0,0,0,2,0.0,0,500.0,care_setting_inconsistency;diagnosis_procedure_mismatch,,"[{""type"": ""care_setting_inconsistency"", ""description"": ""ICU charges billed for same-day outpatient discharge - ICU requires inpatient admission"", ""cpt_code"": ""99291""}, {""type"": ""diagnosis_procedure_mismatch"", ""description"": ""Cardiac catheterization billed for common cold visit - no cardiac indication"", ""cpt_code"": ""93458""}]",[]
P016,Sophia Patel,2,0,0,0,2,0.0,0,500.0,age_inappropriate;age_inappropriate,,"[{""type"": ""age_inappropriate"", ""description"": ""3-year-old child billed for geriatric cognitive screening - assessment designed for elderly patients"", ""cpt_code"": ""99483""}, {""type"": ""age_inappropriate"", ""description"": ""Neonatal intensive care charges billed to 3-year-old child - NICU is for newborns only"", ""cpt_code"": ""99469""}]",[]
P013,Carlos Mendez,2,1,1,0,1,0.5,0,250.0,age_inappropriate;age_inappropriate,procedure_inconsistent_with_health_history,"[{""type"": ""age_inappropriate"", ""description"": ""6-year-old child billed for screening colonoscopy - not appropriate for pediatric age without rare disease diagnosis"", ""cpt_code"": ""45378""}, {""type"": ""age_inappropriate"", ""description"": ""Child billed for bone density scan without risk factors - typically for adults 65+ or postmenopausal women"", ""cpt_code"": ""77080""}]","[{""type"": ""procedure_inconsistent_with_health_history"", ""summary"": ""Well-child visit without documented preventive schedule adherence."", ""evidence"": ""Document 1 states 'well-child visit'. No documentation of specific immunizations administered or scheduled, or preventive screenings performed. No mention of specific age-appropriate screenings."", ""code"": null, ""max_savings"": null}]"
P012,Emily Nakamura,2,1,1,0,1,0.5,0,250.0,surgical_history_contradiction;gender_mismatch,procedure_inconsistent_with_health_history,"[{""type"": ""surgical_history_contradiction"", ""description"": ""Gallbladder removal billed after documented prior cholecystectomy in 2022"", ""cpt_code"": ""47562""}, {""type"": ""gender_mismatch"", ""description"": ""Female patient billed for testicular ultrasound - anatomically impossible"", ""cpt_code"": ""76870""}]","[{""type"": ""procedure_inconsistent_with_health_history"", ""summary"": ""H. pylori testing recommended without documented indication."", ""evidence"": ""Document 1 recommends H. pylori testing for mild dyspepsia. Patient history does not mention any conditions typically warranting H. pylori testing (e.g., peptic ulcer disease, gastritis)."", ""code"": null, ""max_savings"": null}]"
P021,William Taylor,2,0,0,0,2,0.0,0,500.0,temporal_violation;temporal_violation,,"[{""type"": ""temporal_violation"", ""description"": ""Coronary bypass billed twice within 2 months (12/2025 and 02/2026) - repeat CABG this soon is extremely rare"", ""cpt_code"": ""33533""}, {""type"": ""temporal_violation"", ""description"": ""Overlapping hospital stays at different facilities (dates conflict)"", ""cpt_code"": ""99223""}]",[]
P020,Angela Martinez,2,1,0,1,2,0.0,0,500.0,care_setting_inconsistency;care_setting_inconsistency,procedure_inconsistent_with_health_history,"[{""type"": ""care_setting_inconsistency"", ""description"": ""Ambulance transport billed but documentation shows patient self-arrived by personal vehicle"", ""cpt_code"": ""A0428""}, {""type"": ""care_setting_inconsistency"", ""description"": ""Inpatient hospital stay billed without admission note - outpatient visit only"", ""cpt_code"": ""99223""}]","[{""type"": ""procedure_inconsistent_with_health_history"", ""summary"": ""Ankle sprain evaluation without documented prior ankle issues."", ""evidence"": ""Patient presented for ankle sprain evaluation. Medical history only lists 'Hypertension, Minor ankle sprain'. No prior history of ankle sprains or instability is documented to justify the visit beyond a new injury."", ""code"": null, ""max_savings"": null}]"
P019,Michael Brown,2,1,0,1,2,0.0,0,500.0,anatomical_contradiction;temporal_violation,procedure_inconsistent_with_health_history,"[{""type"": ""anatomical_contradiction"", ""description"": ""Left knee surgery billed when diagnosis and clinical notes reference right knee pain only"", ""cpt_code"": ""27447""}, {""type"": ""temporal_violation"", ""description"": ""Multiple anesthesia base units for single procedure session - should be billed once per session"", ""cpt_code"": ""01382""}]","[{""type"": ""procedure_inconsistent_with_health_history"", ""summary"": ""Right total knee arthroplasty planned for patient with osteoarthritis only in the right knee. No mention of left knee issues."", ""evidence"": ""Document 1 states 'RIGHT knee osteoarthritis. LEFT knee asymptomatic.' Total knee arthroplasty (TKA) is planned. Asymptomatic knee does not typically require TKA."", ""code"": null, ""max_savings"": null}]"
P017,Daniel Johnson,2,1,0,1,2,0.0,0,500.0,anatomical_contradiction;temporal_violation,procedure_inconsistent_with_health_history,"[{""type"": ""anatomical_contradiction"", ""description"": ""Left knee arthroscopy billed on amputated limb - patient had left below-knee amputation in 2020"", ""cpt_code"": ""29881""}, {""type"": ""temporal_violation"", ""description"": ""Duplicate same-day MRI of left lower extremity - same body region scanned twice"", ""cpt_code"": ""73721""}]","[{""type"": ""procedure_inconsistent_with_health_history"", ""summary"": ""Potential billing error: Procedures may be billed without documented medical justification."", ""evidence"": ""Patient has a history of left below-knee amputation. No procedures related to the right leg are explicitly flagged as inappropriate, but the absence of detailed documentation regarding the right leg's health necessitates careful review. No procedures are explicitly listed in the provided documents, so this is a general alert for further investigation."", ""code"": null, ""max_savings"": null}]"
P024,Olivia Hernandez,2,0,0,0,2,0.0,0,500.0,age_inappropriate;care_setting_inconsistency,,"[{""type"": ""age_inappropriate"", ""description"": ""2-year-old billed for adult colonoscopy screening - inappropriate for toddler age"", ""cpt_code"": ""45378""}, {""type"": ""care_setting_inconsistency"", ""description"": ""Skilled nursing facility daily care billed without transfer documentation - child at home"", ""cpt_code"": ""99307""}]",[]
P018,Rachel Kim,2,1,1,0,1,0.5,0,250.0,temporal_violation;temporal_violation,temporal_violation,[],"[{""type"": ""temporal_violation"", ""summary"": ""Patient presented for annual physical exam 6 months after a screening mammogram."", ""evidence"": ""Document 1 states screening mammogram performed 08/2025 and annual physical exam completed 01/15/2026. Patient presented for another annual exam 02/04/2026."", ""code"": null, ""max_savings"": null}]"
P022,Natalie Wong,2,1,1,0,1,0.5,0,250.0,surgical_history_contradiction;diagnosis_procedure_mismatch,procedure_inconsistent_with_health_history,"[{""type"": ""surgical_history_contradiction"", ""description"": ""Hysterectomy billed after documented prior hysterectomy in 2018 - uterus already removed"", ""cpt_code"": ""58150""}, {""type"": ""diagnosis_procedure_mismatch"", ""description"": ""Oncology infusion center charges without any cancer diagnosis documented"", ""cpt_code"": ""96413""}]","[{""type"": ""procedure_inconsistent_with_health_history"", ""summary"": ""Routine follow-up after hysterectomy does not inherently justify billing for any uterine procedures."", ""evidence"": ""Document 1 states 'routine follow-up' after hysterectomy (2018). No specific procedures are listed, but any uterine procedure would be inappropriate given the prior hysterectomy."", ""code"": null, ""max_savings"": null}]"
P023,Brian Anderson,2,1,0,1,2,0.0,0,500.0,gender_mismatch;gender_mismatch,procedure_inconsistent_with_health_history,"[{""type"": ""gender_mismatch"", ""description"": ""Male patient billed for Pap smear - test for cervical cancer in females only"", ""cpt_code"": ""88142""}, {""type"": ""gender_mismatch"", ""description"": ""Male patient billed for mammogram - breast cancer screening typically for females"", ""cpt_code"": ""77067""}]","[{""type"": ""procedure_inconsistent_with_health_history"", ""summary"": ""Digital rectal exam and PSA level check without documented indication."", ""evidence"": ""Patient history lists benign prostatic hyperplasia (BPH) and hypertension. While BPH is a relevant condition, the documentation does not explicitly state a reason for the digital rectal exam or PSA level check beyond the general BPH diagnosis. Routine screening is not indicated without further justification."", ""code"": null, ""max_savings"": null}]"
P025,Christopher Lee,2,1,1,0,1,0.5,0,250.0,surgical_history_contradiction;gender_mismatch,procedure_inconsistent_with_health_history,"[{""type"": ""surgical_history_contradiction"", ""description"": ""Third coronary bypass within 2 years - highly unusual repeated CABG"", ""cpt_code"": ""33533""}, {""type"": ""gender_mismatch"", ""description"": ""Male patient billed for prenatal care visit - only applicable to pregnant females"", ""cpt_code"": ""59400""}]","[{""type"": ""procedure_inconsistent_with_health_history"", ""summary"": ""No documented indication for cardiac rehab."", ""evidence"": ""Document 1 states 'Cardiac rehab completed.' However, there is no documented initial condition requiring cardiac rehabilitation. Patient has a history of CABG, but no ongoing cardiac issues are explicitly stated."", ""code"": null, ""max_savings"": null}]"
P026,Jessica Wilson,2,1,1,0,1,0.5,0,250.0,diagnosis_procedure_mismatch;age_inappropriate,procedure_inconsistent_with_health_history,"[{""type"": ""diagnosis_procedure_mismatch"", ""description"": ""Chemotherapy infusion billed without any oncology or cancer diagnosis"", ""cpt_code"": ""96413""}, {""type"": ""age_inappropriate"", ""description"": ""31-year-old billed for bone density scan without risk factors - typically for postmenopausal women"", ""cpt_code"": ""77080""}]","[{""type"": ""procedure_inconsistent_with_health_history"", ""summary"": ""Annual wellness visit without documented chronic diseases."", ""evidence"": ""Document 1 states patient is a 31-year-old healthy female with no chronic diseases. An annual wellness visit (CPT 99396 or similar) is typically indicated for patients with chronic conditions or risk factors. No such conditions are documented."", ""code"": null, ""max_savings"": null}]"
P027,Henry Davis,2,1,0,1,2,0.0,0,500.0,gender_mismatch;gender_mismatch,procedure_inconsistent_with_health_history,"[{""type"": ""gender_mismatch"", ""description"": ""Male patient billed for hysterectomy - anatomically impossible (no uterus)"", ""cpt_code"": ""58150""}, {""type"": ""gender_mismatch"", ""description"": ""Male patient billed for cervical biopsy - males do not have a cervix"", ""cpt_code"": ""57500""}]","[{""type"": ""procedure_inconsistent_with_health_history"", ""summary"": ""PSA levels monitored without documented history of prostate cancer."", ""evidence"": ""Document 1 states 'PSA levels monitored.' Patient history lists Benign Prostatic Hyperplasia (BPH), Hypertension, and Osteoarthritis. No mention of prostate cancer."", ""code"": null, ""max_savings"": null}]"
P029,Robert Miller,2,1,1,0,1,0.5,0,250.0,temporal_violation;gender_mismatch,temporal_violation,"[{""type"": ""gender_mismatch"", ""description"": ""Male patient billed for transvaginal ultrasound - anatomically impossible"", ""cpt_code"": ""76830""}]","[{""type"": ""temporal_violation"", ""summary"": ""Patient requested a repeat annual physical exam within months of a previous one."", ""evidence"": ""Document 1 states annual physical completed 12/2025. Document 2 indicates request for another complete exam 02/2026 (2 months later)."", ""code"": null, ""max_savings"": null}]"
P030,Patricia Clark,2,1,1,0,1,0.5,0,250.0,gender_mismatch;diagnosis_procedure_mismatch,procedure_inconsistent_with_health_history,"[{""type"": ""gender_mismatch"", ""description"": ""Female patient billed for prostate biopsy - females do not have a prostate gland"", ""cpt_code"": ""55700""}, {""type"": ""diagnosis_procedure_mismatch"", ""description"": ""Dialysis billed without any kidney disease or renal failure diagnosis - normal kidney function"", ""cpt_code"": ""90935""}]","[{""type"": ""procedure_inconsistent_with_health_history"", ""summary"": ""Potential issue with diabetes-related procedures without explicit diabetes management documentation."", ""evidence"": ""Patient has Type 2 Diabetes documented, but the HbA1c of 6.8% suggests potentially uncontrolled diabetes. Further documentation of diabetes management plan is needed to justify ongoing related procedures."", ""code"": null, ""max_savings"": null}]"
P028,Victoria Nguyen,2,1,0,1,2,0.0,0,500.0,age_inappropriate;temporal_violation,procedure_inconsistent_with_health_history,"[{""type"": ""age_inappropriate"", ""description"": ""19-year-old billed for geriatric depression screening - assessment designed for elderly"", ""cpt_code"": ""99483""}, {""type"": ""temporal_violation"", ""description"": ""Same-day duplicate chest X-ray of identical area without clinical justification"", ""cpt_code"": ""71046""}]","[{""type"": ""procedure_inconsistent_with_health_history"", ""summary"": ""Routine visit with no documented conditions potentially justifying a billable procedure."", ""evidence"": ""Document 1 states 'routine visit. No depression symptoms.' No specific procedure is listed, but a visit implies a CPT code (e.g., 99213). The patient's medical history lists 'Healthy college student' with no specific conditions requiring medical attention."", ""code"": null, ""max_savings"": null}]"
P034,Emily Chen,2,0,0,0,2,0.0,0,500.0,procedure_inconsistent_with_health_history;procedure_inconsistent_with_health_history,,"[{""type"": ""procedure_inconsistent_with_health_history"", ""description"": ""Coronary artery bypass graft billed for patient with no cardiac disease history"", ""cpt_code"": ""33533""}, {""type"": ""procedure_inconsistent_with_health_history"", ""description"": ""Cardiac catheterization billed for patient with excellent cardiac health"", ""cpt_code"": ""93458""}]",[]
P035,Marcus Thompson,2,0,0,0,2,0.0,0,500.0,procedure_inconsistent_with_health_history;procedure_inconsistent_with_health_history,,"[{""type"": ""procedure_inconsistent_with_health_history"", ""description"": ""Chemotherapy administration billed for patient with no cancer diagnosis"", ""cpt_code"": ""96413""}, {""type"": ""procedure_inconsistent_with_health_history"", ""description"": ""Radiation treatment planning billed for patient without malignancy"", ""cpt_code"": ""77263""}]",[]
P033,George Martinez,2,1,1,0,1,0.5,0,250.0,procedure_inconsistent_with_health_history;procedure_inconsistent_with_health_history,procedure_inconsistent_with_health_history,[],"[{""type"": ""procedure_inconsistent_with_health_history"", ""summary"": ""EKG shows controlled AFib, rate 72. Echo shows EF 40%. Continue current cardiac medications. No documented indication for ongoing cardiac monitoring beyond current management."", ""evidence"": ""Patient history indicates existing Atrial Fibrillation, Coronary Artery Disease, and Congestive Heart Failure. Document 1 states 'Continue current cardiac medications.' No new or worsening symptoms are documented to justify further diagnostic testing or intervention."", ""code"": null, ""max_savings"": null}]"
P031,Richard Phillips,2,1,1,0,1,0.5,0,250.0,procedure_inconsistent_with_health_history;procedure_inconsistent_with_health_history,procedure_inconsistent_with_health_history,[],"[{""type"": ""procedure_inconsistent_with_health_history"", ""summary"": ""Diabetes follow-up without documented ongoing diabetes management plan or recent glucose testing beyond HbA1c."", ""evidence"": ""Document 1 states 'diabetes follow-up' and HbA1c of 7.2%. No mention of current medications, glucose monitoring frequency, or other diabetes management details.  Patient history lists Type 2 Diabetes, but lacks specifics on current treatment."", ""code"": null, ""max_savings"": null}]"
P032,Linda Foster,2,1,1,0,1,0.5,0,250.0,procedure_inconsistent_with_health_history;procedure_inconsistent_with_health_history,procedure_inconsistent_with_health_history,[],"[{""type"": ""procedure_inconsistent_with_health_history"", ""summary"": ""Dialysis sessions billed without documented ESRD diagnosis in the provided documents."", ""evidence"": ""The provided documents state the patient is undergoing hemodialysis, but the patient's medical history only lists 'End-Stage Renal Disease' as a condition. No specific documentation of kidney failure or ESRD is present in the provided documents."", ""code"": null, ""max_savings"": null}]"
P036,Sarah Johnson,3,1,1,0,2,0.3333333333333333,0,500.0,procedure_inconsistent_with_health_history;procedure_inconsistent_with_health_history;procedure_inconsistent_with_health_history,procedure_inconsistent_with_health_history,[],"[{""type"": ""procedure_inconsistent_with_health_history"", ""summary"": ""No documented condition supports migraine prophylaxis with propranolol."", ""evidence"": ""Document 1 states patient is being considered for propranolol for migraine prophylaxis. Patient history only lists migraines and anxiety. No conditions that typically warrant propranolol (e.g., hypertension, anxiety requiring beta-blockers) are documented."", ""code"": null, ""max_savings"": null}]"
P037,David Wilson,2,1,0,1,2,0.0,0,500.0,gender_mismatch;gender_mismatch,procedure_inconsistent_with_health_history,"[{""type"": ""gender_mismatch"", ""description"": ""Obstetric ultrasound billed for male patient"", ""cpt_code"": ""76805""}, {""type"": ""gender_mismatch"", ""description"": ""Prenatal care visit billed for male patient"", ""cpt_code"": ""59400""}]","[{""type"": ""procedure_inconsistent_with_health_history"", ""summary"": ""Routine follow-up visit for hypertension and hyperlipidemia does not inherently justify a comprehensive health history review beyond the stated conditions."", ""evidence"": ""Document 1 describes a routine follow-up for hypertension and hyperlipidemia. No other conditions are documented that would necessitate a more extensive health history review."", ""code"": null, ""max_savings"": null}]"
P039,Robert Harris,2,1,1,0,1,0.5,0,250.0,procedure_inconsistent_with_health_history;procedure_inconsistent_with_health_history,procedure_inconsistent_with_health_history,[],"[{""type"": ""procedure_inconsistent_with_health_history"", ""summary"": ""Medication refill without documented chronic condition requiring medication."", ""evidence"": ""Patient presents for lisinopril and omeprazole refills. Medical history lists hypertension and GERD, but no documentation of ongoing management or severity requiring continued medication. No recent lab results or symptom reports to justify refills."", ""code"": null, ""max_savings"": null}]"
P038,Lily Anderson,1,1,0,1,1,0.0,0,250.0,age_inappropriate,procedure_inconsistent_with_health_history,"[{""type"": ""age_inappropriate"", ""description"": ""Screening colonoscopy billed for 8-year-old without qualifying diagnosis"", ""cpt_code"": ""45378""}]","[{""type"": ""procedure_inconsistent_with_health_history"", ""summary"": ""Well-child check may not require extensive evaluation without specific concerns."", ""evidence"": ""Patient presents for annual well-child check. Medical history indicates patient is healthy and thriving with no chronic illnesses or specific complaints. No documented conditions requiring further investigation."", ""code"": null, ""max_savings"": null}]"
P042,Nancy Taylor,1,1,1,0,0,1.0,0,0.0,procedure_inconsistent_with_health_history,procedure_inconsistent_with_health_history,[],"[{""type"": ""procedure_inconsistent_with_health_history"", ""summary"": ""Excision of nevus without documented skin condition."", ""evidence"": ""Patient history only lists hypothyroidism. No mention of skin lesions, moles, or dermatological concerns justifying nevus removal."", ""code"": null, ""max_savings"": null}]"
P045,Daniel White,1,0,0,0,1,0.0,0,250.0,procedure_inconsistent_with_health_history,,"[{""type"": ""procedure_inconsistent_with_health_history"", ""description"": ""Cardiac stress test billed for asymptomatic patient with no cardiac indications"", ""cpt_code"": ""93015""}]",[]
P040,Michelle Roberts,2,1,1,0,1,0.5,0,250.0,procedure_inconsistent_with_health_history;procedure_inconsistent_with_health_history,procedure_inconsistent_with_health_history,[],"[{""type"": ""procedure_inconsistent_with_health_history"", ""summary"": ""Routine prophylaxis billed without documented dental issues."", ""evidence"": ""Document 1 states 'excellent oral health overall', 'no periodontal pockets', 'no bleeding on probing', 'no gingival inflammation', 'no bone loss'. Prophylaxis is typically performed for patients with some level of dental disease or risk factors, which are not documented."", ""code"": null, ""max_savings"": null}]"
P041,James Mitchell,1,1,1,0,0,1.0,0,0.0,procedure_inconsistent_with_health_history,procedure_inconsistent_with_health_history,[],"[{""type"": ""procedure_inconsistent_with_health_history"", ""summary"": ""X-ray of left ankle billed without documented prior ankle issues or chronic conditions."", ""evidence"": ""Patient history only mentions a recent ankle sprain. No prior history of ankle problems or underlying conditions that would necessitate routine ankle x-rays."", ""code"": null, ""max_savings"": null}]"
P044,Patricia Moore,2,1,1,0,1,0.5,0,250.0,procedure_inconsistent_with_health_history;procedure_inconsistent_with_health_history,procedure_inconsistent_with_health_history,[],"[{""type"": ""procedure_inconsistent_with_health_history"", ""summary"": ""Migraine follow-up visit without documented medical necessity beyond history of migraines."", ""evidence"": ""Patient presents for routine follow-up for migraines. No new or worsening symptoms are documented. The document does not indicate any new diagnostic testing or changes in treatment plan that would necessitate a billable visit."", ""code"": null, ""max_savings"": null}]"
P043,William Clark,1,1,0,1,1,0.0,0,250.0,upcoding,procedure_inconsistent_with_health_history,"[{""type"": ""upcoding"", ""description"": ""High complexity visit billed for routine visit without multiple comorbidities or extensive management"", ""cpt_code"": ""99215""}]","[{""type"": ""procedure_inconsistent_with_health_history"", ""summary"": ""Contact dermatitis follow-up visit without documented prior diagnosis or treatment."", ""evidence"": ""Patient presents for follow-up of rash. No prior diagnosis of contact dermatitis or rash documented in medical history."", ""code"": null, ""max_savings"": null}]"
P050,Sarah Williams,1,1,1,0,0,0.0,42.5,0.0,duplicate_charge,duplicate_charge,[],"[{""type"": ""duplicate_charge"", ""summary"": ""Duplicate CPT code 71020 billed on the same date of service."", ""evidence"": ""CPT 71020 appears twice on the same bill with identical charges and patient responsibility."", ""code"": null, ""max_savings"": 42.5}]"
patient_051,Alice Thompson,1,0,0,0,1,0.0,0,250.0,drug_drug_interaction,,"[{""type"": ""drug_drug_interaction"", ""description"": ""ACE inhibitor (Lisinopril) + Potassium supplement interaction risk"", ""cpt_code"": null}]",[]
P047,Margaret Chen,1,1,1,0,0,1.0,0,0.0,drug_drug_interaction,procedure_inconsistent_with_health_history,[],"[{""type"": ""procedure_inconsistent_with_health_history"", ""summary"": ""CPT 99213 (Office Visit Level 3) may be inconsistent with health history."", ""evidence"": ""Patient medical history lists Atrial Fibrillation, Hypertension, and Type 2 Diabetes. While an office visit is generally appropriate, the specific reason for this visit related to these conditions is not explicitly stated. The diagnosis of 'Acute Upper Respiratory Infection' does not directly relate to the documented chronic conditions."", ""code"": null, ""max_savings"": null}]"
P046,Karen Lewis,2,1,1,0,1,0.5,0,250.0,procedure_inconsistent_with_health_history;procedure_inconsistent_with_health_history,procedure_inconsistent_with_health_history,[],"[{""type"": ""procedure_inconsistent_with_health_history"", ""summary"": ""Viscosupplementation without documented indication."", ""evidence"": ""Document 1 mentions considering viscosupplementation for osteoarthritis. Patient history only indicates osteoarthritis, but does not specify severity or failure of conservative treatments typically preceding viscosupplementation."", ""code"": null, ""max_savings"": null}]"
P048,Robert Martinez,1,1,1,0,0,1.0,0,0.0,drug_disease_contraindication,procedure_inconsistent_with_health_history,[],"[{""type"": ""procedure_inconsistent_with_health_history"", ""summary"": ""Office visit (CPT 99214) may be inconsistent with health history given recent gastric ulcer treatment and potential NSAID contraindication."", ""evidence"": ""Patient has a history of active gastric ulcer treated 2 months ago and is currently on Omeprazole. Ibuprofen was prescribed. NSAIDs are contraindicated in patients with recent or active gastric ulcers."", ""code"": null, ""max_savings"": null}]"
patient_052,Robert Chen,1,0,0,0,1,0.0,0,250.0,drug_drug_interaction,,"[{""type"": ""drug_drug_interaction"", ""description"": ""MAOI (Phenelzine) + SSRI (Sertraline) - serotonin syndrome risk"", ""cpt_code"": null}]",[]
patient_054,William Patterson,1,0,0,0,1,0.0,0,250.0,drug_drug_interaction,,"[{""type"": ""drug_drug_interaction"", ""description"": ""Digoxin + Loop diuretic (Furosemide) without potassium monitoring - digoxin toxicity risk"", ""cpt_code"": null}]",[]
patient_053,Margaret Wilson,1,0,0,0,1,0.0,0,250.0,drug_drug_interaction,,"[{""type"": ""drug_drug_interaction"", ""description"": ""Statin (Simvastatin) + Macrolide antibiotic (Clarithromycin) - rhabdomyolysis risk"", ""cpt_code"": null}]",[]
P049,Linda Thompson,1,2,1,1,0,1.0,0,0.0,drug_disease_contraindication,procedure_inconsistent_with_health_history;procedure_inconsistent_with_health_history,[],"[{""type"": ""procedure_inconsistent_with_health_history"", ""summary"": ""CPT 99214 (Office Visit Level 4) may be inconsistent with health history."", ""evidence"": ""Patient has Type 2 Diabetes and Chronic Kidney Disease Stage 4. While an office visit is appropriate for managing these conditions, the documentation does not explicitly state the visit was *specifically* for these conditions. The new Metformin prescription suggests diabetes management, but the visit could potentially be for an unrelated issue."", ""code"": null, ""max_savings"": null}, {""type"": ""procedure_inconsistent_with_health_history"", ""summary"": ""Potential contraindication of Metformin prescription given CKD Stage 4."", ""evidence"": ""Patient has Chronic Kidney Disease Stage 4 (eGFR 25). Metformin is contraindicated or requires dosage adjustment in severe renal impairment. The bill does not indicate any consideration of this contraindication."", ""code"": null, ""max_savings"": null}]"
patient_058,Dorothy Williams,1,0,0,0,1,0.0,0,250.0,dosing_error,,"[{""type"": ""dosing_error"", ""description"": ""Inappropriate dabigatran dosing in elderly patient with reduced renal function - bleeding risk"", ""cpt_code"": null}]",[]
patient_055,Linda Martinez,1,0,0,0,1,0.0,0,250.0,drug_disease_contraindication,,"[{""type"": ""drug_disease_contraindication"", ""description"": ""Non-selective beta-blocker (Propranolol) in patient with asthma - bronchospasm risk"", ""cpt_code"": null}]",[]
patient_061,Thomas Baker,1,0,0,0,1,0.0,0,250.0,allergy_violation,,"[{""type"": ""allergy_violation"", ""description"": ""Prescribed antibiotic (Sulfamethoxazole-trimethoprim) with documented severe allergic reaction history"", ""cpt_code"": null}]",[]
patient_057,Emma Johnson,1,0,0,0,1,0.0,0,250.0,dosing_error,,"[{""type"": ""dosing_error"", ""description"": ""Adult dose of amoxicillin prescribed for 6-year-old child - severe overdosing"", ""cpt_code"": null}]",[]
patient_056,George Anderson,1,0,0,0,1,0.0,0,250.0,drug_disease_contraindication,,"[{""type"": ""drug_disease_contraindication"", ""description"": ""Anticholinergic agent (Oxybutynin) in patient with glaucoma - acute angle-closure risk"", ""cpt_code"": null}]",[]
patient_060,Susan Taylor,1,0,0,0,1,0.0,0,250.0,drug_drug_interaction,,"[{""type"": ""drug_drug_interaction"", ""description"": ""SSRI (Escitalopram) added to dual antiplatelet therapy - excessive bleeding risk"", ""cpt_code"": null}]",[]
patient_059,Michael O'Brien,1,0,0,0,1,0.0,0,250.0,dosing_error,,"[{""type"": ""dosing_error"", ""description"": ""Excessive acetaminophen dosing in patient with cirrhosis - hepatotoxicity risk"", ""cpt_code"": null}]",[]
